id,path,width,height,displayWidth,displayHeight,anchor,layer,input,output,slots,clip,hitArea,nineSlice
"factory_room","assets/art/scene/factory_room.png","512","768","390","585","{""x"":256,""y"":768}","10","null","null","[]","null","null",""
"factory_window","assets/art/scene/factory_window.png","256","233","128","116.5","{""x"":128,""y"":233}","10","null","null","[]","null","null",""
"factory_door","assets/art/scene/factory_door.png","197","256","98.5","128","{""x"":98.5,""y"":256}","10","null","null","[]","null","null",""
"product_double_tray","assets/art/products/product_double_tray.png","128","80","64","40","{""x"":64,""y"":80}","10","[56,90]","[110,118]","[{""id"":""back_left"",""anchor"":[56,109],""width"":40,""layer"":20,""rect"":[36,62.461538,40,49.230769]},{""id"":""front_right"",""anchor"":[104,124],""width"":40,""layer"":30,""rect"":[84,77.461538,40,49.230769]}]","null","null",""
"product_box_open","assets/art/products/product_box_open.png","127","128","63.5","64","{""x"":63.5,""y"":128}","10","[54,98]","[106,144]","[{""id"":""back"",""anchor"":[80,119],""width"":35,""layer"":20,""rect"":[62.5,78.278846,35,43.076923]},{""id"":""left"",""anchor"":[54,136],""width"":35,""layer"":30,""rect"":[36.5,95.278846,35,43.076923]},{""id"":""right"",""anchor"":[106,136],""width"":35,""layer"":31,""rect"":[88.5,95.278846,35,43.076923]},{""id"":""front"",""anchor"":[80,152],""width"":35,""layer"":40,""rect"":[62.5,111.278846,35,43.076923]}]","[[23,56],[137,56],[139,153],[80,177],[21,153]]","null",""
"product_box_lid","assets/art/products/product_box_lid.png","128","91","64","45.5","{""x"":64,""y"":91}","10","null","null","[]","null","null",""
"ui_card","assets/art/ui/ui_card.png","384","115","128","38.333333333333336","{""x"":0,""y"":0}","100","null","null","[]","null","{""minimumLogicalSize"":[44,44],""note"":""Icons display at 24-32 px inside an independent 44 px touch region.""}","{""left"":32,""top"":32,""right"":32,""bottom"":32}"
"ui_compact_bar","assets/art/ui/ui_compact_bar.png","384","78","128","26","{""x"":0,""y"":0}","100","null","null","[]","null","{""minimumLogicalSize"":[44,44],""note"":""Icons display at 24-32 px inside an independent 44 px touch region.""}","{""left"":32,""top"":32,""right"":32,""bottom"":32}"
"fx_steam","assets/art/fx/fx_steam.png","63","128","31.5","64","{""x"":31.5,""y"":128}","70","null","null","[]","null","null",""
"fx_sparkle","assets/art/fx/fx_sparkle.png","104","128","52","64","{""x"":52,""y"":128}","70","null","null","[]","null","null",""
"product_box_front","assets/art/products/product_box_front.png","128","78","64","39","{""x"":64,""y"":78}","50","null","null","[]","null","null",""
"machine_pop_body","assets/art/machines/machine_pop_body.png","512","489","256","244.5","{""x"":256,""y"":489}","10","[335,413]","[555,562]","[[350,272]]","[[155,422],[162,360],[230,315],[365,301],[490,341],[550,414],[521,543],[380,590],[212,545]]","{""polygon"":[[20,140],[590,210],[635,675],[313,765],[15,602]],""coordinateSpace"":""assembly pixels"",""minimumLogicalSize"":[44,44]}",""
"machine_pop_head","assets/art/machines/machine_pop_head.png","256","248","128","124","{""x"":128,""y"":248}","20","null","null","[]","null","null",""
"machine_pop_front","assets/art/machines/machine_pop_front.png","384","205","192","102.5","{""x"":192,""y"":205}","50","null","null","[]","null","null",""
"machine_ship_body","assets/art/machines/machine_ship_body.png","499","512","249.5","256","{""x"":249.5,""y"":512}","10","[136,394]","[450,527]","[[304,259]]","[[145,270],[380,326],[414,420],[413,515],[145,422]]","{""polygon"":[[25,103],[393,37],[620,189],[621,634],[300,659],[8,503]],""coordinateSpace"":""assembly pixels"",""minimumLogicalSize"":[44,44]}",""
"machine_ship_head","assets/art/machines/machine_ship_head.png","159","256","79.5","128","{""x"":79.5,""y"":256}","20","null","null","[]","null","null",""
"machine_ship_front","assets/art/machines/machine_ship_front.png","384","222","192","111","{""x"":192,""y"":222}","50","null","null","[]","null","null",""
"conveyor_transfer_back","assets/art/scene/conveyor_transfer_back.png","512","227","256","113.5","{""x"":256,""y"":227}","10","[92,152]","[425,154]","[]","[[28,134],[212,34],[257,14],[306,39],[484,134],[423,190],[260,104],[91,190]]","{""polygon"":[[24,134],[235,12],[482,128],[420,230],[267,132],[92,229]],""coordinateSpace"":""assembly pixels"",""minimumLogicalSize"":[44,44]}",""
"conveyor_transfer_front","assets/art/scene/conveyor_transfer_front.png","384","121","192","60.5","{""x"":192,""y"":121}","50","null","null","[]","null","null",""
"conveyor_infeed_back","assets/art/scene/conveyor_infeed_back.png","512","383","256","191.5","{""x"":256,""y"":383}","10","[125,104]","[446,277]","[]","[[48,76],[117,32],[477,228],[421,286],[89,145]]","{""polygon"":[[17,69],[119,8],[503,268],[419,380],[83,234]],""coordinateSpace"":""assembly pixels"",""minimumLogicalSize"":[44,44]}",""
"conveyor_infeed_front","assets/art/scene/conveyor_infeed_front.png","384","218","192","109","{""x"":192,""y"":218}","50","null","null","[]","null","null",""
"conveyor_outfeed_back","assets/art/scene/conveyor_outfeed_back.png","512","332","256","166","{""x"":256,""y"":332}","10","[439,65]","[75,252]","[]","[[51,210],[407,29],[483,69],[135,261]]","{""polygon"":[[13,231],[393,8],[504,78],[500,158],[177,331]],""coordinateSpace"":""assembly pixels"",""minimumLogicalSize"":[44,44]}",""
"conveyor_outfeed_front","assets/art/scene/conveyor_outfeed_front.png","384","211","192","105.5","{""x"":192,""y"":211}","50","null","null","[]","null","null",""
"buffer_cups_back","assets/art/scene/buffer_cups_back.png","512","349","256","174.5","{""x"":256,""y"":349}","10","[115,239]","[397,239]","[[223,60,65,80],[147,110,65,80],[298,110,65,80],[223,160,65,80],[132,172,65,80],[317,172,65,80]]","[[27,70],[250,-55],[485,70],[485,220],[254,339],[27,220]]","{""polygon"":[[2,153],[256,3],[511,154],[511,218],[253,369],[4,218]],""coordinateSpace"":""assembly pixels"",""minimumLogicalSize"":[44,44]}",""
"buffer_cups_front","assets/art/scene/buffer_cups_front.png","384","256","192","128","{""x"":192,""y"":256}","50","null","null","[]","null","null",""
"ui_icon_coin","assets/art/ui/ui_icon_coin.png","96","96","32","32","{""x"":0,""y"":0}","100","null","null","[]","null","{""minimumLogicalSize"":[44,44],""note"":""Icons display at 24-32 px inside an independent 44 px touch region.""}",""
"ui_icon_ship_speed","assets/art/ui/ui_icon_ship_speed.png","96","96","32","32","{""x"":0,""y"":0}","100","null","null","[]","null","{""minimumLogicalSize"":[44,44],""note"":""Icons display at 24-32 px inside an independent 44 px touch region.""}",""
"ui_icon_pop","assets/art/ui/ui_icon_pop.png","96","96","32","32","{""x"":0,""y"":0}","100","null","null","[]","null","{""minimumLogicalSize"":[44,44],""note"":""Icons display at 24-32 px inside an independent 44 px touch region.""}",""
"ui_icon_cup","assets/art/ui/ui_icon_cup.png","96","96","32","32","{""x"":0,""y"":0}","100","null","null","[]","null","{""minimumLogicalSize"":[44,44],""note"":""Icons display at 24-32 px inside an independent 44 px touch region.""}",""
"ui_icon_ship","assets/art/ui/ui_icon_ship.png","96","96","32","32","{""x"":0,""y"":0}","100","null","null","[]","null","{""minimumLogicalSize"":[44,44],""note"":""Icons display at 24-32 px inside an independent 44 px touch region.""}",""
"ui_icon_settings","assets/art/ui/ui_icon_settings.png","96","96","32","32","{""x"":0,""y"":0}","100","null","null","[]","null","{""minimumLogicalSize"":[44,44],""note"":""Icons display at 24-32 px inside an independent 44 px touch region.""}",""
"ui_icon_sound","assets/art/ui/ui_icon_sound.png","96","96","32","32","{""x"":0,""y"":0}","100","null","null","[]","null","{""minimumLogicalSize"":[44,44],""note"":""Icons display at 24-32 px inside an independent 44 px touch region.""}",""
"ui_icon_vibration","assets/art/ui/ui_icon_vibration.png","96","96","32","32","{""x"":0,""y"":0}","100","null","null","[]","null","{""minimumLogicalSize"":[44,44],""note"":""Icons display at 24-32 px inside an independent 44 px touch region.""}",""
"ui_icon_close","assets/art/ui/ui_icon_close.png","96","96","32","32","{""x"":0,""y"":0}","100","null","null","[]","null","{""minimumLogicalSize"":[44,44],""note"":""Icons display at 24-32 px inside an independent 44 px touch region.""}",""
"ui_icon_arrow","assets/art/ui/ui_icon_arrow.png","96","96","32","32","{""x"":0,""y"":0}","100","null","null","[]","null","{""minimumLogicalSize"":[44,44],""note"":""Icons display at 24-32 px inside an independent 44 px touch region.""}",""
"ui_icon_upgrade","assets/art/ui/ui_icon_upgrade.png","96","96","32","32","{""x"":0,""y"":0}","100","null","null","[]","null","{""minimumLogicalSize"":[44,44],""note"":""Icons display at 24-32 px inside an independent 44 px touch region.""}",""
"ui_icon_expand","assets/art/ui/ui_icon_expand.png","96","96","32","32","{""x"":0,""y"":0}","100","null","null","[]","null","{""minimumLogicalSize"":[44,44],""note"":""Icons display at 24-32 px inside an independent 44 px touch region.""}",""
"ui_icon_check","assets/art/ui/ui_icon_check.png","96","96","32","32","{""x"":0,""y"":0}","100","null","null","[]","null","{""minimumLogicalSize"":[44,44],""note"":""Icons display at 24-32 px inside an independent 44 px touch region.""}",""
"ui_icon_lock","assets/art/ui/ui_icon_lock.png","96","96","32","32","{""x"":0,""y"":0}","100","null","null","[]","null","{""minimumLogicalSize"":[44,44],""note"":""Icons display at 24-32 px inside an independent 44 px touch region.""}",""
"ui_icon_warning","assets/art/ui/ui_icon_warning.png","96","96","32","32","{""x"":0,""y"":0}","100","null","null","[]","null","{""minimumLogicalSize"":[44,44],""note"":""Icons display at 24-32 px inside an independent 44 px touch region.""}",""
"ui_icon_wait","assets/art/ui/ui_icon_wait.png","96","96","32","32","{""x"":0,""y"":0}","100","null","null","[]","null","{""minimumLogicalSize"":[44,44],""note"":""Icons display at 24-32 px inside an independent 44 px touch region.""}",""
